Date,tag,val
2026-05-01,Graphic Design,1.0
2026-05-01,PHP,0.5654450261780105
2026-05-01,Photoshop,0.4816753926701571
2026-05-01,Web Development,0.4668411867364747
2026-05-01,Video Editing,0.4432809773123909
2026-05-01,HTML,0.4258289703315881
2026-05-01,Website Design,0.41972076788830714
2026-05-01,Adobe Illustrator,0.38132635253054104
2026-05-01,Logo Design,0.3760907504363002
2026-05-01,Illustrator,0.35776614310645727
2026-05-01,Social Media Marketing,0.34554973821989526
2026-05-01,Video Production,0.34467713787085513
2026-05-01,SEO,0.32460732984293195
2026-05-01,After Effects,0.32024432809773123
2026-05-01,Digital Marketing,0.31849912739965097
2026-05-01,Internet Marketing,0.30715532286212915
2026-05-01,Branding,0.29668411867364747
2026-05-01,Video Services,0.2862129144851658
2026-05-01,Adobe Photoshop,0.2801047120418848
2026-05-01,Mobile App Development,0.2774869109947644
2026-05-01,Content Writing,0.2696335078534031
2026-05-01,Lead Generation,0.2643979057591623
2026-05-01,Web Design,0.26090750436300175
2026-05-01,JavaScript,0.2600349040139616
2026-05-01,Content Creation,0.2469458987783595
2026-05-01,Animation,0.2443280977312391
2026-05-01,Visual Design,0.2338568935427574
2026-05-01,Data Entry,0.231239092495637
2026-05-01,Data Analysis,0.2286212914485166
2026-05-01,WordPress,0.20418848167539266
2026-05-01,Sales,0.19895287958115182
2026-05-01,Adobe Premiere Pro,0.193717277486911
2026-05-01,Excel,0.19197207678883071
2026-05-01,Marketing,0.18586387434554974
2026-05-01,AutoCAD,0.18411867364746945
2026-05-01,Android,0.1823734729493892
2026-05-01,Illustration,0.16928446771378708
2026-05-01,Creative Design,0.15968586387434555
2026-05-01,CSS,0.15968586387434555
2026-05-01,Research,0.15706806282722513
2026-05-01,Python,0.1544502617801047
2026-05-01,Project Management,0.1544502617801047
2026-05-01,Editing,0.14921465968586387
2026-05-01,Copywriting,0.1457242582897033
2026-05-01,Vector Design,0.14485165794066318
2026-05-01,Software Architecture,0.1431064572425829
2026-05-01,Social Media Management,0.14136125654450263
2026-05-01,iPhone,0.14136125654450263
2026-05-01,API Development,0.14048865619546247
2026-05-01,Facebook Marketing,0.13961605584642234
2026-05-01,Market Research,0.13525305410122165
2026-05-01,Article Writing,0.1343804537521815
2026-05-01,MySQL,0.13176265270506107
2026-05-01,Building Architecture,0.12914485165794065
2026-05-01,Data Management,0.12914485165794065
2026-05-01,Data Processing,0.12478184991273997
2026-05-01,Customer Service,0.12478184991273997
2026-05-01,Print Design,0.12390924956369982
2026-05-01,Proofreading,0.12390924956369982
2026-05-01,Typography,0.12390924956369982
2026-05-01,Research Writing,0.12303664921465969
2026-05-01,Business Development,0.1212914485165794
2026-05-01,Technical Writing,0.12041884816753927
2026-05-01,Software Development,0.11954624781849912
2026-05-01,Email Marketing,0.11867364746945899
2026-05-01,Motion Graphics,0.1169284467713787
2026-05-01,Content Marketing,0.11605584642233857
2026-05-01,API Integration,0.11343804537521815
2026-05-01,Automation,0.11343804537521815
2026-05-01,AI Development,0.1099476439790576
2026-05-01,Photo Editing,0.1055846422338569
2026-05-01,Final Cut Pro,0.10296684118673648
2026-05-01,Instagram Marketing,0.10296684118673648
2026-05-01,Audio Services,0.1012216404886562
2026-05-01,Data Visualization,0.09860383944153578
2026-05-01,Sales Management,0.09773123909249563
2026-05-01,Audio Editing,0.0924956369982548
2026-05-01,Frontend Development,0.09075043630017451
2026-05-01,Link Building,0.09075043630017451
2026-05-01,Ghostwriting,0.09075043630017451
2026-05-01,Content Strategy,0.08987783595113438
2026-05-01,Product Design,0.08900523560209424
2026-05-01,Building Design,0.08900523560209424
2026-05-01,Creative Writing,0.0881326352530541
2026-05-01,Documentation,0.0881326352530541
2026-05-01,Website Optimization,0.0881326352530541
2026-05-01,Interior Design,0.0881326352530541
2026-05-01,Java,0.08376963350785341
2026-05-01,Backend Development,0.08289703315881326
2026-05-01,Photography,0.08202443280977312
2026-05-01,Shopify,0.08115183246073299
2026-05-01,Report Writing,0.08027923211169284
2026-05-01,Video Processing,0.07940663176265271
2026-05-01,Sound Design,0.07853403141361257
2026-05-01,Database Management,0.07766143106457242
2026-05-01,Solidworks,0.07766143106457242
2026-05-01,Telemarketing,0.07766143106457242
2026-05-01,CRM,0.07591623036649214
2026-05-01,Image Processing,0.07591623036649214
2026-05-01,Business Analysis,0.07591623036649214
2026-05-01,Photoshop Design,0.07504363001745201
2026-05-01,Mechanical Engineering,0.07329842931937172
2026-05-01,Payment Gateway Integration,0.07329842931937172
2026-05-01,Corporate Identity,0.07242582897033159
2026-05-01,Videography,0.07155322862129145
2026-05-01,eCommerce,0.07068062827225131
2026-05-01,Adobe InDesign,0.06893542757417102
2026-05-01,Google Ads,0.06893542757417102
2026-05-01,iOS Development,0.06806282722513089
2026-05-01,Academic Writing,0.06806282722513089
2026-05-01,Google Adwords,0.06719022687609075
2026-05-01,Figma,0.06631762652705062
2026-05-01,Electrical Engineering,0.06544502617801047
2026-05-01,Data Collection,0.06544502617801047
2026-05-01,Conversion Rate Optimization,0.06544502617801047
2026-05-01,Financial Analysis,0.06457242582897033
2026-05-01,Digital Art,0.06282722513089005
2026-05-01,AI Content Creation,0.06282722513089005
2026-05-01,Flutter,0.06282722513089005
2026-05-01,Accounting,0.06195462478184991
2026-05-01,Analytics,0.06195462478184991
2026-05-01,Brochure Design,0.06195462478184991
2026-05-01,Advertising,0.06195462478184991
2026-05-01,Keyword Research,0.06195462478184991
2026-05-01,Adobe Creative Cloud,0.06108202443280977
2026-05-01,Website Development,0.06108202443280977
2026-05-01,AI Chatbot Development,0.06108202443280977
2026-05-01,Color Grading,0.060209424083769635
2026-05-01,Google Analytics,0.060209424083769635
2026-05-01,Account Management,0.060209424083769635
2026-05-01,Audio Production,0.059336823734729496
2026-05-01,Translation,0.059336823734729496
2026-05-01,User Experience Research,0.059336823734729496
2026-05-01,Virtual Assistant,0.05846422338568935
2026-05-01,Android App Development,0.05846422338568935
2026-05-01,Voice Talent,0.05759162303664921
2026-05-01,Civil Engineering,0.05759162303664921
2026-05-01,Voice Over,0.05759162303664921
2026-05-01,Local Job,0.056719022687609075
2026-05-01,Time Management,0.056719022687609075
2026-05-01,React Native,0.055846422338568937
2026-05-01,AI Model Development,0.0549738219895288
2026-05-01,Electronics,0.05410122164048865
2026-05-01,Game Development,0.05410122164048865
2026-05-01,Technical Support,0.053228621291448515
2026-05-01,Architecture,0.053228621291448515
2026-05-01,Leads,0.05235602094240838
2026-05-01,DaVinci Resolve,0.05148342059336824
2026-05-01,Sales Promotion,0.05148342059336824
